"","Archipelago","Island","Island_Site","Depth","Cattegory","Coral_genus","Cover"
"1","Society","Tahiti","1",6,"Scleractinian","Acanthastrea",0.0443333333333333
"2","Tuamotu","Tikehau","1",6,"Scleractinian","Acanthastrea",0.0443333333333333
"3","Tuamotu","Rangiroa","2",6,"Scleractinian","Acanthastrea",0.0443333333333333
"4","Tuamotu","Tikehau","2",6,"Scleractinian","Acanthastrea",0.0886666666666667
"5","Society","Bora","1",20,"Scleractinian","Acanthastrea",0.0443333333333333
"6","Gambier","Mangareva","1",20,"Scleractinian","Acanthastrea",0.0443333333333333
"7","Society","Moorea","1",20,"Scleractinian","Acanthastrea",0.133333333333333
"8","Tuamotu","Rangiroa","1",20,"Scleractinian","Acanthastrea",0.155333333333333
"9","Society","Tahiti","1",20,"Scleractinian","Acanthastrea",0.133
"10","Tuamotu","Tikehau","1",20,"Scleractinian","Acanthastrea",0.0665
"11","Society","Moorea","2",20,"Scleractinian","Acanthastrea",0.133
"12","Tuamotu","Rangiroa","2",20,"Scleractinian","Acanthastrea",0.0443333333333333
"13","Tuamotu","Raroia","2",20,"Scleractinian","Acanthastrea",0.089
"14","Society","Tahiti","2",20,"Scleractinian","Acanthastrea",1.956
"15","Tuamotu","Tikehau","2",20,"Scleractinian","Acanthastrea",0.221833333333333
"16","Society","Moorea","1",40,"Scleractinian","Acanthastrea",0.133333333333333
"17","Tuamotu","Rangiroa","1",40,"Scleractinian","Acanthastrea",0.0666666666666667
"18","Tuamotu","Tikehau","1",40,"Scleractinian","Acanthastrea",0.0443333333333333
"19","Society","Bora","2",40,"Scleractinian","Acanthastrea",1.022
"20","Gambier","Mangareva","2",40,"Scleractinian","Acanthastrea",0.089
"21","Society","Moorea","2",40,"Scleractinian","Acanthastrea",0.0886666666666667
"22","Tuamotu","Tikehau","2",40,"Scleractinian","Acanthastrea",0.0888333333333333
"23","Society","Bora","1",60,"Scleractinian","Acanthastrea",0.0443333333333333
"24","Tuamotu","Rangiroa","1",60,"Scleractinian","Acanthastrea",0.089
"25","Society","Tahiti","1",60,"Scleractinian","Acanthastrea",0.0886666666666667
"26","Society","Bora","2",60,"Scleractinian","Acanthastrea",0.355666666666667
"27","Society","Moorea","2",60,"Scleractinian","Acanthastrea",0.0886666666666667
"28","Society","Bora","1",6,"Scleractinian","Acropora",0.555833333333333
"29","Tuamotu","Makatea","1",6,"Scleractinian","Acropora",0.578
"30","Gambier","Mangareva","1",6,"Scleractinian","Acropora",0.799333333333333
"31","Society","Moorea","1",6,"Scleractinian","Acropora",1.15516666666667
"32","Tuamotu","Rangiroa","1",6,"Scleractinian","Acropora",0.577666666666667
"33","Tuamotu","Raroia","1",6,"Scleractinian","Acropora",0.310666666666667
"34","Society","Tahiti","1",6,"Scleractinian","Acropora",0.488833333333333
"35","Tuamotu","Tikehau","1",6,"Scleractinian","Acropora",1.59966666666667
"36","Society","Bora","2",6,"Scleractinian","Acropora",0.667
"37","Tuamotu","Makatea","2",6,"Scleractinian","Acropora",0.711
"38","Gambier","Mangareva","2",6,"Scleractinian","Acropora",9.933
"39","Society","Moorea","2",6,"Scleractinian","Acropora",2.26666666666667
"40","Tuamotu","Rangiroa","2",6,"Scleractinian","Acropora",0.177666666666667
"41","Tuamotu","Raroia","2",6,"Scleractinian","Acropora",0.0443333333333333
"42","Society","Tahiti","2",6,"Scleractinian","Acropora",0.377833333333333
"43","Tuamotu","Tikehau","2",6,"Scleractinian","Acropora",1.19933333333333
"44","Society","Bora","1",20,"Scleractinian","Acropora",2.53266666666667
"45","Tuamotu","Makatea","1",20,"Scleractinian","Acropora",0.666
"46","Gambier","Mangareva","1",20,"Scleractinian","Acropora",0.777833333333333
"47","Society","Moorea","1",20,"Scleractinian","Acropora",3.37766666666667
"48","Tuamotu","Rangiroa","1",20,"Scleractinian","Acropora",0.177666666666667
"49","Tuamotu","Raroia","1",20,"Scleractinian","Acropora",0.533
"50","Society","Tahiti","1",20,"Scleractinian","Acropora",6.00033333333333
"51","Tuamotu","Tikehau","1",20,"Scleractinian","Acropora",0.622333333333333
"52","Society","Bora","2",20,"Scleractinian","Acropora",2.75533333333333
"53","Tuamotu","Makatea","2",20,"Scleractinian","Acropora",0.0886666666666667
"54","Gambier","Mangareva","2",20,"Scleractinian","Acropora",8.04416666666667
"55","Society","Moorea","2",20,"Scleractinian","Acropora",3.022
"56","Tuamotu","Raroia","2",20,"Scleractinian","Acropora",1.111
"57","Society","Tahiti","2",20,"Scleractinian","Acropora",0.622333333333333
"58","Tuamotu","Tikehau","2",20,"Scleractinian","Acropora",0.8
"59","Society","Bora","1",40,"Scleractinian","Acropora",0.311
"60","Tuamotu","Makatea","1",40,"Scleractinian","Acropora",1.15533333333333
"61","Gambier","Mangareva","1",40,"Scleractinian","Acropora",2.4225
"62","Society","Moorea","1",40,"Scleractinian","Acropora",2.57733333333333
"63","Tuamotu","Rangiroa","1",40,"Scleractinian","Acropora",0.0443333333333333
"64","Tuamotu","Raroia","1",40,"Scleractinian","Acropora",0.0886666666666667
"65","Society","Tahiti","1",40,"Scleractinian","Acropora",0.711
"66","Tuamotu","Tikehau","1",40,"Scleractinian","Acropora",0.0443333333333333
"67","Society","Bora","2",40,"Scleractinian","Acropora",2.75566666666667
"68","Tuamotu","Makatea","2",40,"Scleractinian","Acropora",0.666666666666667
"69","Gambier","Mangareva","2",40,"Scleractinian","Acropora",3.02266666666667
"70","Society","Moorea","2",40,"Scleractinian","Acropora",0.089
"71","Tuamotu","Rangiroa","2",40,"Scleractinian","Acropora",0.222333333333333
"72","Tuamotu","Raroia","2",40,"Scleractinian","Acropora",0.355333333333333
"73","Society","Bora","1",60,"Scleractinian","Acropora",0.089
"74","Tuamotu","Makatea","1",60,"Scleractinian","Acropora",0.844333333333333
"75","Gambier","Mangareva","1",60,"Scleractinian","Acropora",0.755333333333333
"76","Society","Moorea","1",60,"Scleractinian","Acropora",0.666666666666667
"77","Tuamotu","Raroia","1",60,"Scleractinian","Acropora",0.311
"78","Society","Tahiti","1",60,"Scleractinian","Acropora",0.0886666666666667
"79","Tuamotu","Tikehau","1",60,"Scleractinian","Acropora",0.089
"80","Society","Bora","2",60,"Scleractinian","Acropora",1.28833333333333
"81","Tuamotu","Makatea","2",60,"Scleractinian","Acropora",0.133333333333333
"82","Gambier","Mangareva","2",60,"Scleractinian","Acropora",0.666
"83","Society","Moorea","2",60,"Scleractinian","Acropora",1.511
"84","Tuamotu","Raroia","2",60,"Scleractinian","Acropora",0.222333333333333
"85","Tuamotu","Tikehau","2",60,"Scleractinian","Acropora",0.0443333333333333
"86","Gambier","Mangareva","2",90,"Scleractinian","Acropora",0.755333333333333
"87","Society","Bora","1",90,"Scleractinian","Alveopora",0.0443333333333333
"88","Gambier","Mangareva","1",90,"Scleractinian","Alveopora",0.0443333333333333
"89","Society","Moorea","1",90,"Scleractinian","Alveopora",0.177666666666667
"90","Tuamotu","Raroia","1",90,"Scleractinian","Alveopora",0.0886666666666667
"91","Society","Moorea","2",90,"Scleractinian","Alveopora",0.0443333333333333
"92","Society","Bora","1",120,"Scleractinian","Alveopora",0.0443333333333333
"93","Gambier","Mangareva","1",120,"Scleractinian","Alveopora",0.177666666666667
"94","Society","Bora","1",6,"Scleractinian","Astrea",0.0886666666666667
"95","Tuamotu","Makatea","1",6,"Scleractinian","Astrea",0.0443333333333333
"96","Gambier","Mangareva","1",6,"Scleractinian","Astrea",0.222
"97","Society","Moorea","1",6,"Scleractinian","Astrea",0.755333333333333
"98","Tuamotu","Rangiroa","1",6,"Scleractinian","Astrea",0.355333333333333
"99","Tuamotu","Raroia","1",6,"Scleractinian","Astrea",2.31033333333333
"100","Society","Tahiti","1",6,"Scleractinian","Astrea",0.843666666666667
"101","Tuamotu","Tikehau","1",6,"Scleractinian","Astrea",0.133
"102","Society","Bora","2",6,"Scleractinian","Astrea",0.977333333333333
"103","Gambier","Mangareva","2",6,"Scleractinian","Astrea",0.222
"104","Society","Moorea","2",6,"Scleractinian","Astrea",0.755333333333333
"105","Tuamotu","Rangiroa","2",6,"Scleractinian","Astrea",0.933
"106","Tuamotu","Raroia","2",6,"Scleractinian","Astrea",2.045
"107","Society","Tahiti","2",6,"Scleractinian","Astrea",1.199
"108","Tuamotu","Tikehau","2",6,"Scleractinian","Astrea",1.24366666666667
"109","Society","Bora","1",20,"Scleractinian","Astrea",0.488333333333333
"110","Gambier","Mangareva","1",20,"Scleractinian","Astrea",0.0443333333333333
"111","Society","Moorea","1",20,"Scleractinian","Astrea",0.577333333333333
"112","Tuamotu","Rangiroa","1",20,"Scleractinian","Astrea",0.533
"113","Tuamotu","Raroia","1",20,"Scleractinian","Astrea",2.35566666666667
"114","Society","Tahiti","1",20,"Scleractinian","Astrea",0.976666666666667
"115","Tuamotu","Tikehau","1",20,"Scleractinian","Astrea",0.355333333333333
"116","Society","Bora","2",20,"Scleractinian","Astrea",0.489
"117","Gambier","Mangareva","2",20,"Scleractinian","Astrea",1.022
"118","Society","Moorea","2",20,"Scleractinian","Astrea",1.11
"119","Tuamotu","Rangiroa","2",20,"Scleractinian","Astrea",1.33233333333333
"120","Tuamotu","Raroia","2",20,"Scleractinian","Astrea",3.378
"121","Society","Tahiti","2",20,"Scleractinian","Astrea",0.222
"122","Tuamotu","Tikehau","2",20,"Scleractinian","Astrea",0.577666666666667
"123","Society","Bora","1",40,"Scleractinian","Astrea",0.0886666666666667
"124","Society","Moorea","1",40,"Scleractinian","Astrea",0.0443333333333333
"125","Society","Bora","2",40,"Scleractinian","Astrea",0.533333333333333
"126","Gambier","Mangareva","2",40,"Scleractinian","Astrea",0.0443333333333333
"127","Society","Moorea","2",40,"Scleractinian","Astrea",0.311
"128","Tuamotu","Rangiroa","2",40,"Scleractinian","Astrea",0.0886666666666667
"129","Tuamotu","Raroia","2",40,"Scleractinian","Astrea",0.177666666666667
"130","Gambier","Mangareva","1",60,"Scleractinian","Astrea",0.0443333333333333
"131","Society","Bora","2",60,"Scleractinian","Astrea",0.0443333333333333
"132","Tuamotu","Rangiroa","2",60,"Scleractinian","Astrea",0.0886666666666667
"133","Tuamotu","Raroia","2",90,"Scleractinian","Astrea",0.133333333333333
"134","Gambier","Mangareva","1",6,"Scleractinian","Astreopora",0.111166666666667
"135","Tuamotu","Rangiroa","1",6,"Scleractinian","Astreopora",0.266666666666667
"136","Tuamotu","Raroia","1",6,"Scleractinian","Astreopora",0.622
"137","Gambier","Mangareva","2",6,"Scleractinian","Astreopora",0.0886666666666667
"138","Tuamotu","Rangiroa","2",6,"Scleractinian","Astreopora",0.688833333333333
"139","Tuamotu","Tikehau","2",6,"Scleractinian","Astreopora",1.64466666666667
"140","Society","Bora","1",20,"Scleractinian","Astreopora",0.0443333333333333
"141","Gambier","Mangareva","1",20,"Scleractinian","Astreopora",0.0666666666666667
"142","Society","Moorea","1",20,"Scleractinian","Astreopora",0.089
"143","Tuamotu","Rangiroa","1",20,"Scleractinian","Astreopora",2.133
"144","Society","Tahiti","1",20,"Scleractinian","Astreopora",0.133333333333333
"145","Tuamotu","Tikehau","1",20,"Scleractinian","Astreopora",1.55533333333333
"146","Tuamotu","Makatea","2",20,"Scleractinian","Astreopora",0.266666666666667
"147","Gambier","Mangareva","2",20,"Scleractinian","Astreopora",0.0888333333333333
"148","Tuamotu","Rangiroa","2",20,"Scleractinian","Astreopora",0.089
"149","Tuamotu","Tikehau","2",20,"Scleractinian","Astreopora",2.711
"150","Society","Bora","1",40,"Scleractinian","Astreopora",0.0443333333333333
"151","Tuamotu","Makatea","1",40,"Scleractinian","Astreopora",0.0443333333333333
"152","Gambier","Mangareva","1",40,"Scleractinian","Astreopora",1.64433333333333
"153","Society","Moorea","1",40,"Scleractinian","Astreopora",0.089
"154","Tuamotu","Rangiroa","1",40,"Scleractinian","Astreopora",1.00722222222222
"155","Tuamotu","Tikehau","1",40,"Scleractinian","Astreopora",0.133333333333333
"156","Society","Bora","2",40,"Scleractinian","Astreopora",0.0443333333333333
"157","Tuamotu","Makatea","2",40,"Scleractinian","Astreopora",0.133333333333333
"158","Gambier","Mangareva","2",40,"Scleractinian","Astreopora",0.0443333333333333
"159","Tuamotu","Rangiroa","2",40,"Scleractinian","Astreopora",0.414777777777778
"160","Tuamotu","Raroia","2",40,"Scleractinian","Astreopora",0.0443333333333333
"161","Society","Tahiti","2",40,"Scleractinian","Astreopora",0.177666666666667
"162","Tuamotu","Tikehau","2",40,"Scleractinian","Astreopora",1.31833333333333
"163","Society","Bora","1",60,"Scleractinian","Astreopora",0.288833333333333
"164","Gambier","Mangareva","1",60,"Scleractinian","Astreopora",0.0443333333333333
"165","Society","Moorea","1",60,"Scleractinian","Astreopora",0.089
"166","Tuamotu","Rangiroa","1",60,"Scleractinian","Astreopora",0.622
"167","Tuamotu","Raroia","1",60,"Scleractinian","Astreopora",0.177333333333333
"168","Society","Bora","2",60,"Scleractinian","Astreopora",0.0443333333333333
"169","Gambier","Mangareva","2",60,"Scleractinian","Astreopora",0.0886666666666667
"170","Society","Moorea","2",60,"Scleractinian","Astreopora",0.089
"171","Tuamotu","Rangiroa","2",60,"Scleractinian","Astreopora",0.192444444444444
"172","Tuamotu","Tikehau","2",60,"Scleractinian","Astreopora",1.64466666666667
"173","Tuamotu","Raroia","1",90,"Scleractinian","Astreopora",0.0886666666666667
"174","Society","Bora","2",90,"Scleractinian","Astreopora",0.443666666666667
"175","Gambier","Mangareva","2",90,"Scleractinian","Astreopora",0.311
"176","Tuamotu","Raroia","2",90,"Scleractinian","Astreopora",0.133333333333333
"177","Gambier","Mangareva","1",120,"Scleractinian","Astreopora",0.133166666666667
"178","Tuamotu","Rangiroa","2",120,"Scleractinian","Astreopora",0.133333333333333
"179","Tuamotu","Rangiroa","2",60,"Scleractinian","Cantharellus",0.0443333333333333
"180","Society","Tahiti","2",60,"Scleractinian","Cantharellus",0.0443333333333333
"181","Tuamotu","Tikehau","2",60,"Scleractinian","Cantharellus",0.133
"182","Society","Bora","2",90,"Scleractinian","Cantharellus",0.0443333333333333
"183","Tuamotu","Tikehau","2",90,"Scleractinian","Cantharellus",0.0443333333333333
"184","Tuamotu","Rangiroa","1",90,"Scleractinian","Coscinarea",0.666
"185","Tuamotu","Raroia","1",90,"Scleractinian","Coscinarea",0.155333333333333
"186","Tuamotu","Rangiroa","2",90,"Scleractinian","Coscinarea",0.333166666666667
"187","Tuamotu","Raroia","2",90,"Scleractinian","Coscinarea",0.0886666666666667
"188","Tuamotu","Tikehau","2",90,"Scleractinian","Coscinarea",0.0443333333333333
"189","Society","Tahiti","2",40,"Scleractinian","Cycloseris",0.089
"190","Tuamotu","Rangiroa","1",60,"Scleractinian","Cycloseris",0.0886666666666667
"191","Society","Tahiti","1",60,"Scleractinian","Cycloseris",0.089
"192","Society","Bora","2",60,"Scleractinian","Cycloseris",0.0443333333333333
"193","Society","Tahiti","2",60,"Scleractinian","Cycloseris",0.0443333333333333
"194","Tuamotu","Makatea","1",90,"Scleractinian","Cycloseris",0.089
"195","Gambier","Mangareva","1",90,"Scleractinian","Cycloseris",0.133
"196","Tuamotu","Rangiroa","1",90,"Scleractinian","Cycloseris",0.0443333333333333
"197","Tuamotu","Raroia","1",90,"Scleractinian","Cycloseris",0.0443333333333333
"198","Gambier","Mangareva","1",120,"Scleractinian","Cycloseris",0.0886666666666667
"199","Tuamotu","Raroia","1",120,"Scleractinian","Cycloseris",0.488333333333333
"200","Gambier","Mangareva","2",120,"Scleractinian","Cycloseris",0.133
"201","Tuamotu","Rangiroa","2",120,"Scleractinian","Cycloseris",0.399666666666667
"202","Tuamotu","Raroia","2",120,"Scleractinian","Cycloseris",0.0443333333333333
"203","Tuamotu","Makatea","1",20,"Scleractinian","Cyphastrea",0.0443333333333333
"204","Society","Tahiti","1",20,"Scleractinian","Cyphastrea",0.0443333333333333
"205","Society","Bora","2",20,"Scleractinian","Cyphastrea",0.0888333333333333
"206","Society","Moorea","2",20,"Scleractinian","Cyphastrea",0.133166666666667
"207","Tuamotu","Rangiroa","2",20,"Scleractinian","Cyphastrea",0.0665
"208","Tuamotu","Tikehau","2",20,"Scleractinian","Cyphastrea",0.4
"209","Society","Bora","1",40,"Scleractinian","Cyphastrea",0.267
"210","Society","Moorea","1",40,"Scleractinian","Cyphastrea",0.1555
"211","Society","Bora","2",40,"Scleractinian","Cyphastrea",0.222166666666667
"212","Society","Moorea","2",40,"Scleractinian","Cyphastrea",0.0665
"213","Tuamotu","Rangiroa","2",40,"Scleractinian","Cyphastrea",0.0886666666666667
"214","Society","Bora","1",60,"Scleractinian","Cyphastrea",0.222
"215","Society","Moorea","1",60,"Scleractinian","Cyphastrea",0.0443333333333333
"216","Tuamotu","Rangiroa","1",60,"Scleractinian","Cyphastrea",0.0443333333333333
"217","Tuamotu","Raroia","1",60,"Scleractinian","Cyphastrea",0.0443333333333333
"218","Society","Bora","2",60,"Scleractinian","Cyphastrea",0.489
"219","Society","Moorea","2",60,"Scleractinian","Cyphastrea",0.710833333333333
"220","Tuamotu","Rangiroa","2",60,"Scleractinian","Cyphastrea",0.0886666666666667
"221","Tuamotu","Tikehau","2",60,"Scleractinian","Cyphastrea",0.0443333333333333
"222","Tuamotu","Rangiroa","2",90,"Scleractinian","Cyphastrea",0.0443333333333333
"223","Society","Bora","1",6,"Scleractinian","Dipsastrea",0.0886666666666667
"224","Tuamotu","Makatea","1",6,"Scleractinian","Dipsastrea",0.089
"225","Gambier","Mangareva","1",6,"Scleractinian","Dipsastrea",0.089
"226","Tuamotu","Rangiroa","1",6,"Scleractinian","Dipsastrea",0.133333333333333
"227","Tuamotu","Raroia","1",6,"Scleractinian","Dipsastrea",0.0443333333333333
"228","Society","Moorea","2",6,"Scleractinian","Dipsastrea",0.0443333333333333
"229","Tuamotu","Raroia","2",6,"Scleractinian","Dipsastrea",0.0443333333333333
"230","Society","Tahiti","2",6,"Scleractinian","Dipsastrea",0.177666666666667
"231","Tuamotu","Tikehau","2",6,"Scleractinian","Dipsastrea",0.576666666666667
"232","Society","Bora","1",20,"Scleractinian","Dipsastrea",0.400333333333333
"233","Gambier","Mangareva","1",20,"Scleractinian","Dipsastrea",0.133
"234","Tuamotu","Rangiroa","1",20,"Scleractinian","Dipsastrea",0.799666666666667
"235","Tuamotu","Raroia","1",20,"Scleractinian","Dipsastrea",0.0443333333333333
"236","Tuamotu","Tikehau","1",20,"Scleractinian","Dipsastrea",0.266666666666667
"237","Society","Bora","2",20,"Scleractinian","Dipsastrea",0.0886666666666667
"238","Gambier","Mangareva","2",20,"Scleractinian","Dipsastrea",0.0886666666666667
"239","Society","Moorea","2",20,"Scleractinian","Dipsastrea",0.0443333333333333
"240","Tuamotu","Rangiroa","2",20,"Scleractinian","Dipsastrea",0.177666666666667
"241","Society","Tahiti","2",20,"Scleractinian","Dipsastrea",0.4
"242","Tuamotu","Tikehau","2",20,"Scleractinian","Dipsastrea",1.556
"243","Society","Bora","1",40,"Scleractinian","Dipsastrea",0.0443333333333333
"244","Tuamotu","Tikehau","1",40,"Scleractinian","Dipsastrea",0.4
"245","Gambier","Mangareva","2",40,"Scleractinian","Dipsastrea",0.0443333333333333
"246","Tuamotu","Rangiroa","2",40,"Scleractinian","Dipsastrea",0.444333333333333
"247","Tuamotu","Tikehau","2",40,"Scleractinian","Dipsastrea",0.133
"248","Gambier","Mangareva","1",60,"Scleractinian","Dipsastrea",0.666333333333333
"249","Gambier","Mangareva","2",60,"Scleractinian","Dipsastrea",0.133
"250","Gambier","Mangareva","1",90,"Scleractinian","Dipsastrea",0.488666666666667
"251","Tuamotu","Rangiroa","2",90,"Scleractinian","Dipsastrea",0.089
"252","Society","Tahiti","2",20,"Scleractinian","Echynophillia",0.0888333333333333
"253","Society","Moorea","1",40,"Scleractinian","Echynophillia",0.177666666666667
"254","Tuamotu","Rangiroa","1",40,"Scleractinian","Echynophillia",0.0443333333333333
"255","Tuamotu","Tikehau","1",40,"Scleractinian","Echynophillia",0.133333333333333
"256","Society","Bora","2",40,"Scleractinian","Echynophillia",0.089
"257","Tuamotu","Rangiroa","2",40,"Scleractinian","Echynophillia",0.0443333333333333
"258","Tuamotu","Raroia","2",40,"Scleractinian","Echynophillia",0.089
"259","Society","Tahiti","2",40,"Scleractinian","Echynophillia",1.73316666666667
"260","Tuamotu","Tikehau","2",40,"Scleractinian","Echynophillia",0.089
"261","Society","Bora","1",60,"Scleractinian","Echynophillia",0.222
"262","Tuamotu","Makatea","1",60,"Scleractinian","Echynophillia",0.0443333333333333
"263","Gambier","Mangareva","1",60,"Scleractinian","Echynophillia",0.0886666666666667
"264","Society","Moorea","1",60,"Scleractinian","Echynophillia",0.177333333333333
"265","Tuamotu","Rangiroa","1",60,"Scleractinian","Echynophillia",0.977666666666667
"266","Tuamotu","Raroia","1",60,"Scleractinian","Echynophillia",1.222
"267","Society","Tahiti","1",60,"Scleractinian","Echynophillia",2.59933333333333
"268","Society","Bora","2",60,"Scleractinian","Echynophillia",0.444333333333333
"269","Tuamotu","Makatea","2",60,"Scleractinian","Echynophillia",0.0443333333333333
"270","Society","Moorea","2",60,"Scleractinian","Echynophillia",0.133333333333333
"271","Tuamotu","Rangiroa","2",60,"Scleractinian","Echynophillia",1.11083333333333
"272","Tuamotu","Raroia","2",60,"Scleractinian","Echynophillia",0.399833333333333
"273","Society","Tahiti","2",60,"Scleractinian","Echynophillia",3.5115
"274","Tuamotu","Tikehau","2",60,"Scleractinian","Echynophillia",0.222166666666667
"275","Society","Bora","1",90,"Scleractinian","Echynophillia",0.221833333333333
"276","Tuamotu","Makatea","1",90,"Scleractinian","Echynophillia",0.155333333333333
"277","Gambier","Mangareva","1",90,"Scleractinian","Echynophillia",0.0886666666666667
"278","Society","Moorea","1",90,"Scleractinian","Echynophillia",1.044
"279","Tuamotu","Rangiroa","1",90,"Scleractinian","Echynophillia",0.422
"280","Tuamotu","Raroia","1",90,"Scleractinian","Echynophillia",3.08916666666667
"281","Society","Tahiti","1",90,"Scleractinian","Echynophillia",1.4225
"282","Tuamotu","Tikehau","1",90,"Scleractinian","Echynophillia",0.133333333333333
"283","Society","Bora","2",90,"Scleractinian","Echynophillia",2.3775
"284","Tuamotu","Makatea","2",90,"Scleractinian","Echynophillia",0.0443333333333333
"285","Society","Moorea","2",90,"Scleractinian","Echynophillia",0.666166666666667
"286","Tuamotu","Rangiroa","2",90,"Scleractinian","Echynophillia",1.02183333333333
"287","Tuamotu","Raroia","2",90,"Scleractinian","Echynophillia",3.55566666666667
"288","Tuamotu","Tikehau","2",90,"Scleractinian","Echynophillia",2.377
"289","Tuamotu","Makatea","1",120,"Scleractinian","Echynophillia",0.711166666666667
"290","Gambier","Mangareva","1",120,"Scleractinian","Echynophillia",0.310666666666667
"291","Tuamotu","Raroia","1",120,"Scleractinian","Echynophillia",0.133333333333333
"292","Society","Tahiti","1",120,"Scleractinian","Echynophillia",0.0443333333333333
"293","Society","Bora","2",120,"Scleractinian","Echynophillia",0.310833333333333
"294","Tuamotu","Makatea","2",120,"Scleractinian","Echynophillia",0.532666666666667
"295","Gambier","Mangareva","2",120,"Scleractinian","Echynophillia",3.37833333333333
"296","Society","Moorea","2",120,"Scleractinian","Echynophillia",0.133333333333333
"297","Tuamotu","Rangiroa","2",120,"Scleractinian","Echynophillia",0.310666666666667
"298","Tuamotu","Tikehau","2",120,"Scleractinian","Echynophillia",0.0443333333333333
"299","Society","Tahiti","1",6,"Scleractinian","Fungia",0.0886666666666667
"300","Tuamotu","Raroia","2",6,"Scleractinian","Fungia",0.0886666666666667
"301","Tuamotu","Tikehau","2",6,"Scleractinian","Fungia",0.0886666666666667
"302","Society","Bora","1",20,"Scleractinian","Fungia",0.0443333333333333
"303","Tuamotu","Makatea","1",20,"Scleractinian","Fungia",0.0886666666666667
"304","Gambier","Mangareva","1",20,"Scleractinian","Fungia",0.133333333333333
"305","Society","Moorea","1",20,"Scleractinian","Fungia",0.355333333333333
"306","Tuamotu","Rangiroa","1",20,"Scleractinian","Fungia",0.711
"307","Tuamotu","Raroia","1",20,"Scleractinian","Fungia",0.0886666666666667
"308","Society","Tahiti","1",20,"Scleractinian","Fungia",0.266333333333333
"309","Tuamotu","Tikehau","1",20,"Scleractinian","Fungia",0.355
"310","Society","Bora","2",20,"Scleractinian","Fungia",0.177333333333333
"311","Gambier","Mangareva","2",20,"Scleractinian","Fungia",0.711
"312","Society","Moorea","2",20,"Scleractinian","Fungia",1.82166666666667
"313","Tuamotu","Rangiroa","2",20,"Scleractinian","Fungia",2.666
"314","Tuamotu","Raroia","2",20,"Scleractinian","Fungia",1.02166666666667
"315","Society","Tahiti","2",20,"Scleractinian","Fungia",0.177333333333333
"316","Tuamotu","Tikehau","2",20,"Scleractinian","Fungia",0.222333333333333
"317","Society","Bora","1",40,"Scleractinian","Fungia",0.0443333333333333
"318","Tuamotu","Makatea","1",40,"Scleractinian","Fungia",0.089
"319","Gambier","Mangareva","1",40,"Scleractinian","Fungia",0.443666666666667
"320","Society","Moorea","1",40,"Scleractinian","Fungia",0.310666666666667
"321","Society","Tahiti","1",40,"Scleractinian","Fungia",1.68866666666667
"322","Tuamotu","Tikehau","1",40,"Scleractinian","Fungia",0.0886666666666667
"323","Society","Bora","2",40,"Scleractinian","Fungia",1.91133333333333
"324","Tuamotu","Makatea","2",40,"Scleractinian","Fungia",0.177333333333333
"325","Gambier","Mangareva","2",40,"Scleractinian","Fungia",10.8896666666667
"326","Society","Moorea","2",40,"Scleractinian","Fungia",0.133333333333333
"327","Tuamotu","Rangiroa","2",40,"Scleractinian","Fungia",0.133333333333333
"328","Tuamotu","Raroia","2",40,"Scleractinian","Fungia",0.177666666666667
"329","Society","Tahiti","2",40,"Scleractinian","Fungia",0.133
"330","Tuamotu","Tikehau","2",40,"Scleractinian","Fungia",0.177333333333333
"331","Society","Bora","1",60,"Scleractinian","Fungia",0.0886666666666667
"332","Tuamotu","Makatea","1",60,"Scleractinian","Fungia",0.089
"333","Society","Moorea","1",60,"Scleractinian","Fungia",0.0443333333333333
"334","Society","Tahiti","1",60,"Scleractinian","Fungia",0.266333333333333
"335","Tuamotu","Tikehau","1",60,"Scleractinian","Fungia",0.177333333333333
"336","Society","Bora","2",60,"Scleractinian","Fungia",0.0886666666666667
"337","Tuamotu","Makatea","2",60,"Scleractinian","Fungia",0.0886666666666667
"338","Gambier","Mangareva","2",60,"Scleractinian","Fungia",0.0886666666666667
"339","Society","Moorea","2",60,"Scleractinian","Fungia",0.443333333333333
"340","Tuamotu","Raroia","2",60,"Scleractinian","Fungia",0.0443333333333333
"341","Society","Tahiti","2",60,"Scleractinian","Fungia",0.0443333333333333
"342","Tuamotu","Makatea","2",6,"Scleractinian","Gardinoseris",0.0888333333333333
"343","Society","Bora","1",20,"Scleractinian","Gardinoseris",0.0886666666666667
"344","Tuamotu","Makatea","1",20,"Scleractinian","Gardinoseris",0.0443333333333333
"345","Society","Moorea","1",20,"Scleractinian","Gardinoseris",0.0666666666666667
"346","Society","Tahiti","1",20,"Scleractinian","Gardinoseris",0.503666666666667
"347","Tuamotu","Tikehau","1",20,"Scleractinian","Gardinoseris",1.22233333333333
"348","Society","Bora","2",20,"Scleractinian","Gardinoseris",0.0443333333333333
"349","Tuamotu","Makatea","2",20,"Scleractinian","Gardinoseris",0.178
"350","Society","Moorea","2",20,"Scleractinian","Gardinoseris",0.111
"351","Society","Tahiti","2",20,"Scleractinian","Gardinoseris",0.0443333333333333
"352","Tuamotu","Tikehau","2",20,"Scleractinian","Gardinoseris",0.0443333333333333
"353","Society","Bora","1",40,"Scleractinian","Gardinoseris",0.0443333333333333
"354","Gambier","Mangareva","1",40,"Scleractinian","Gardinoseris",0.0443333333333333
"355","Society","Moorea","1",40,"Scleractinian","Gardinoseris",0.0443333333333333
"356","Tuamotu","Rangiroa","1",40,"Scleractinian","Gardinoseris",0.0886666666666667
"357","Society","Tahiti","1",40,"Scleractinian","Gardinoseris",0.133333333333333
"358","Tuamotu","Makatea","2",40,"Scleractinian","Gardinoseris",0.222333333333333
"359","Gambier","Mangareva","2",40,"Scleractinian","Gardinoseris",0.0443333333333333
"360","Tuamotu","Tikehau","2",40,"Scleractinian","Gardinoseris",0.0443333333333333
"361","Society","Bora","1",60,"Scleractinian","Gardinoseris",0.4
"362","Gambier","Mangareva","1",60,"Scleractinian","Gardinoseris",0.0443333333333333
"363","Tuamotu","Rangiroa","1",60,"Scleractinian","Gardinoseris",0.133333333333333
"364","Tuamotu","Raroia","1",60,"Scleractinian","Gardinoseris",0.311
"365","Society","Tahiti","1",60,"Scleractinian","Gardinoseris",0.0443333333333333
"366","Tuamotu","Tikehau","1",60,"Scleractinian","Gardinoseris",0.0443333333333333
"367","Tuamotu","Makatea","2",60,"Scleractinian","Gardinoseris",0.089
"368","Tuamotu","Rangiroa","2",60,"Scleractinian","Gardinoseris",0.089
"369","Society","Moorea","1",20,"Scleractinian","Herpolitha",0.0443333333333333
"370","Tuamotu","Rangiroa","1",20,"Scleractinian","Herpolitha",0.133333333333333
"371","Gambier","Mangareva","2",20,"Scleractinian","Herpolitha",0.0443333333333333
"372","Society","Moorea","2",20,"Scleractinian","Herpolitha",0.133333333333333
"373","Tuamotu","Raroia","2",20,"Scleractinian","Herpolitha",0.0443333333333333
"374","Tuamotu","Tikehau","2",20,"Scleractinian","Herpolitha",0.0443333333333333
"375","Society","Bora","1",40,"Scleractinian","Herpolitha",0.089
"376","Gambier","Mangareva","1",40,"Scleractinian","Herpolitha",0.0886666666666667
"377","Society","Moorea","1",40,"Scleractinian","Herpolitha",0.133333333333333
"378","Tuamotu","Rangiroa","1",40,"Scleractinian","Herpolitha",0.221666666666667
"379","Society","Tahiti","1",40,"Scleractinian","Herpolitha",0.089
"380","Society","Bora","2",40,"Scleractinian","Herpolitha",0.178
"381","Gambier","Mangareva","2",40,"Scleractinian","Herpolitha",0.755333333333333
"382","Tuamotu","Rangiroa","2",40,"Scleractinian","Herpolitha",0.0443333333333333
"383","Tuamotu","Raroia","2",40,"Scleractinian","Herpolitha",0.089
"384","Society","Tahiti","2",40,"Scleractinian","Herpolitha",0.133333333333333
"385","Tuamotu","Tikehau","2",40,"Scleractinian","Herpolitha",0.0443333333333333
"386","Tuamotu","Makatea","2",60,"Scleractinian","Herpolitha",0.178
"387","Tuamotu","Tikehau","2",60,"Scleractinian","Herpolitha",0.0443333333333333
"388","Society","Bora","1",6,"Scleractinian","Leptastrea",0.221833333333333
"389","Tuamotu","Makatea","1",6,"Scleractinian","Leptastrea",1.24433333333333
"390","Gambier","Mangareva","1",6,"Scleractinian","Leptastrea",0.311
"391","Society","Moorea","1",6,"Scleractinian","Leptastrea",0.177666666666667
"392","Tuamotu","Raroia","1",6,"Scleractinian","Leptastrea",0.355333333333333
"393","Society","Tahiti","1",6,"Scleractinian","Leptastrea",0.888833333333333
"394","Tuamotu","Tikehau","1",6,"Scleractinian","Leptastrea",0.0443333333333333
"395","Tuamotu","Makatea","2",6,"Scleractinian","Leptastrea",0.488833333333333
"396","Gambier","Mangareva","2",6,"Scleractinian","Leptastrea",0.178
"397","Society","Moorea","2",6,"Scleractinian","Leptastrea",0.133333333333333
"398","Tuamotu","Raroia","2",6,"Scleractinian","Leptastrea",0.133333333333333
"399","Society","Tahiti","2",6,"Scleractinian","Leptastrea",0.488666666666667
"400","Tuamotu","Tikehau","2",6,"Scleractinian","Leptastrea",0.155333333333333
"401","Society","Bora","1",20,"Scleractinian","Leptastrea",0.533
"402","Tuamotu","Makatea","1",20,"Scleractinian","Leptastrea",1.19966666666667
"403","Gambier","Mangareva","1",20,"Scleractinian","Leptastrea",0.310833333333333
"404","Society","Moorea","1",20,"Scleractinian","Leptastrea",0.222
"405","Tuamotu","Rangiroa","1",20,"Scleractinian","Leptastrea",1.19966666666667
"406","Tuamotu","Raroia","1",20,"Scleractinian","Leptastrea",0.0443333333333333
"407","Society","Tahiti","1",20,"Scleractinian","Leptastrea",2.022
"408","Tuamotu","Tikehau","1",20,"Scleractinian","Leptastrea",0.333
"409","Society","Bora","2",20,"Scleractinian","Leptastrea",0.5325
"410","Tuamotu","Makatea","2",20,"Scleractinian","Leptastrea",0.377333333333333
"411","Gambier","Mangareva","2",20,"Scleractinian","Leptastrea",0.421833333333333
"412","Society","Moorea","2",20,"Scleractinian","Leptastrea",0.155333333333333
"413","Tuamotu","Rangiroa","2",20,"Scleractinian","Leptastrea",0.222
"414","Tuamotu","Raroia","2",20,"Scleractinian","Leptastrea",0.0886666666666667
"415","Society","Tahiti","2",20,"Scleractinian","Leptastrea",0.644
"416","Tuamotu","Tikehau","2",20,"Scleractinian","Leptastrea",2.75566666666667
"417","Society","Bora","1",40,"Scleractinian","Leptastrea",0.1555
"418","Tuamotu","Makatea","1",40,"Scleractinian","Leptastrea",0.133333333333333
"419","Gambier","Mangareva","1",40,"Scleractinian","Leptastrea",2.22233333333333
"420","Society","Moorea","1",40,"Scleractinian","Leptastrea",0.7775
"421","Tuamotu","Rangiroa","1",40,"Scleractinian","Leptastrea",0.199666666666667
"422","Society","Tahiti","1",40,"Scleractinian","Leptastrea",0.333166666666667
"423","Tuamotu","Tikehau","1",40,"Scleractinian","Leptastrea",0.533333333333333
"424","Society","Bora","2",40,"Scleractinian","Leptastrea",0.711
"425","Gambier","Mangareva","2",40,"Scleractinian","Leptastrea",1.24366666666667
"426","Society","Moorea","2",40,"Scleractinian","Leptastrea",0.177666666666667
"427","Tuamotu","Rangiroa","2",40,"Scleractinian","Leptastrea",0.0665
"428","Tuamotu","Raroia","2",40,"Scleractinian","Leptastrea",0.0888333333333333
"429","Tuamotu","Tikehau","2",40,"Scleractinian","Leptastrea",0.422166666666667
"430","Society","Bora","1",60,"Scleractinian","Leptastrea",0.333166666666667
"431","Gambier","Mangareva","1",60,"Scleractinian","Leptastrea",8.86666666666667
"432","Society","Moorea","1",60,"Scleractinian","Leptastrea",0.133333333333333
"433","Tuamotu","Raroia","1",60,"Scleractinian","Leptastrea",0.266666666666667
"434","Society","Tahiti","1",60,"Scleractinian","Leptastrea",0.311333333333333
"435","Tuamotu","Tikehau","1",60,"Scleractinian","Leptastrea",0.133333333333333
"436","Society","Bora","2",60,"Scleractinian","Leptastrea",0.821833333333333
"437","Tuamotu","Makatea","2",60,"Scleractinian","Leptastrea",0.0443333333333333
"438","Gambier","Mangareva","2",60,"Scleractinian","Leptastrea",1.06633333333333
"439","Society","Moorea","2",60,"Scleractinian","Leptastrea",0.266166666666667
"440","Tuamotu","Rangiroa","2",60,"Scleractinian","Leptastrea",0.133333333333333
"441","Tuamotu","Raroia","2",60,"Scleractinian","Leptastrea",0.8445
"442","Tuamotu","Tikehau","2",60,"Scleractinian","Leptastrea",0.133333333333333
"443","Society","Bora","2",90,"Scleractinian","Leptastrea",0.133333333333333
"444","Gambier","Mangareva","1",6,"Scleractinian","Leptoria",0.311333333333333
"445","Gambier","Mangareva","2",6,"Scleractinian","Leptoria",1.422
"446","Gambier","Mangareva","1",20,"Scleractinian","Leptoria",0.399666666666667
"447","Gambier","Mangareva","2",20,"Scleractinian","Leptoria",0.666666666666667
"448","Gambier","Mangareva","2",40,"Scleractinian","Leptoria",0.222
"449","Gambier","Mangareva","2",90,"Scleractinian","Leptoria",0.0443333333333333
"450","Tuamotu","Makatea","1",6,"Scleractinian","Leptoseris",0.4
"451","Society","Moorea","1",6,"Scleractinian","Leptoseris",0.0443333333333333
"452","Tuamotu","Makatea","2",6,"Scleractinian","Leptoseris",0.266666666666667
"453","Gambier","Mangareva","2",6,"Scleractinian","Leptoseris",0.089
"454","Society","Tahiti","2",6,"Scleractinian","Leptoseris",0.0443333333333333
"455","Society","Bora","1",20,"Scleractinian","Leptoseris",0.0443333333333333
"456","Tuamotu","Makatea","1",20,"Scleractinian","Leptoseris",1.6
"457","Gambier","Mangareva","1",20,"Scleractinian","Leptoseris",0.310666666666667
"458","Society","Moorea","1",20,"Scleractinian","Leptoseris",0.266666666666667
"459","Tuamotu","Rangiroa","1",20,"Scleractinian","Leptoseris",0.0886666666666667
"460","Tuamotu","Raroia","1",20,"Scleractinian","Leptoseris",0.222
"461","Society","Tahiti","1",20,"Scleractinian","Leptoseris",0.177333333333333
"462","Tuamotu","Tikehau","1",20,"Scleractinian","Leptoseris",0.800166666666667
"463","Society","Bora","2",20,"Scleractinian","Leptoseris",1.15566666666667
"464","Tuamotu","Makatea","2",20,"Scleractinian","Leptoseris",0.311
"465","Gambier","Mangareva","2",20,"Scleractinian","Leptoseris",0.711333333333333
"466","Society","Moorea","2",20,"Scleractinian","Leptoseris",1.91033333333333
"467","Tuamotu","Raroia","2",20,"Scleractinian","Leptoseris",0.622
"468","Society","Tahiti","2",20,"Scleractinian","Leptoseris",2.244
"469","Tuamotu","Tikehau","2",20,"Scleractinian","Leptoseris",0.355333333333333
"470","Tuamotu","Makatea","1",40,"Scleractinian","Leptoseris",5.044
"471","Gambier","Mangareva","1",40,"Scleractinian","Leptoseris",0.133
"472","Society","Moorea","1",40,"Scleractinian","Leptoseris",0.711
"473","Tuamotu","Rangiroa","1",40,"Scleractinian","Leptoseris",1.68866666666667
"474","Tuamotu","Raroia","1",40,"Scleractinian","Leptoseris",0.267
"475","Society","Tahiti","1",40,"Scleractinian","Leptoseris",0.844666666666667
"476","Tuamotu","Tikehau","1",40,"Scleractinian","Leptoseris",0.6885
"477","Society","Bora","2",40,"Scleractinian","Leptoseris",2.97766666666667
"478","Tuamotu","Makatea","2",40,"Scleractinian","Leptoseris",4.95533333333333
"479","Gambier","Mangareva","2",40,"Scleractinian","Leptoseris",0.977333333333333
"480","Society","Moorea","2",40,"Scleractinian","Leptoseris",0.133333333333333
"481","Tuamotu","Rangiroa","2",40,"Scleractinian","Leptoseris",0.222
"482","Tuamotu","Raroia","2",40,"Scleractinian","Leptoseris",1.289
"483","Society","Tahiti","2",40,"Scleractinian","Leptoseris",3.1335
"484","Tuamotu","Tikehau","2",40,"Scleractinian","Leptoseris",0.222
"485","Society","Bora","1",60,"Scleractinian","Leptoseris",3.7775
"486","Tuamotu","Makatea","1",60,"Scleractinian","Leptoseris",16.5553333333333
"487","Gambier","Mangareva","1",60,"Scleractinian","Leptoseris",0.533333333333333
"488","Society","Moorea","1",60,"Scleractinian","Leptoseris",0.399166666666667
"489","Tuamotu","Rangiroa","1",60,"Scleractinian","Leptoseris",0.732666666666667
"490","Tuamotu","Raroia","1",60,"Scleractinian","Leptoseris",1.511
"491","Society","Tahiti","1",60,"Scleractinian","Leptoseris",1.244
"492","Tuamotu","Tikehau","1",60,"Scleractinian","Leptoseris",2.68816666666667
"493","Society","Bora","2",60,"Scleractinian","Leptoseris",7.51116666666667
"494","Tuamotu","Makatea","2",60,"Scleractinian","Leptoseris",11.4663333333333
"495","Gambier","Mangareva","2",60,"Scleractinian","Leptoseris",0.0443333333333333
"496","Society","Moorea","2",60,"Scleractinian","Leptoseris",0.599666666666667
"497","Tuamotu","Rangiroa","2",60,"Scleractinian","Leptoseris",0.621333333333333
"498","Tuamotu","Raroia","2",60,"Scleractinian","Leptoseris",1.44416666666667
"499","Society","Tahiti","2",60,"Scleractinian","Leptoseris",2.2
"500","Tuamotu","Tikehau","2",60,"Scleractinian","Leptoseris",0.822333333333333
"501","Society","Bora","1",90,"Scleractinian","Leptoseris",0.221666666666667
"502","Tuamotu","Makatea","1",90,"Scleractinian","Leptoseris",17.4216666666667
"503","Gambier","Mangareva","1",90,"Scleractinian","Leptoseris",0.3555
"504","Society","Moorea","1",90,"Scleractinian","Leptoseris",0.222333333333333
"505","Tuamotu","Rangiroa","1",90,"Scleractinian","Leptoseris",0.577833333333333
"506","Tuamotu","Raroia","1",90,"Scleractinian","Leptoseris",1.28766666666667
"507","Society","Tahiti","1",90,"Scleractinian","Leptoseris",0.222333333333333
"508","Tuamotu","Tikehau","1",90,"Scleractinian","Leptoseris",0.4
"509","Society","Bora","2",90,"Scleractinian","Leptoseris",1.5555
"510","Tuamotu","Makatea","2",90,"Scleractinian","Leptoseris",14.1111666666667
"511","Gambier","Mangareva","2",90,"Scleractinian","Leptoseris",1.46666666666667
"512","Society","Moorea","2",90,"Scleractinian","Leptoseris",0.177666666666667
"513","Tuamotu","Rangiroa","2",90,"Scleractinian","Leptoseris",1.1335
"514","Tuamotu","Raroia","2",90,"Scleractinian","Leptoseris",1.46533333333333
"515","Society","Tahiti","2",90,"Scleractinian","Leptoseris",0.177666666666667
"516","Tuamotu","Tikehau","2",90,"Scleractinian","Leptoseris",2.5335
"517","Society","Bora","1",120,"Scleractinian","Leptoseris",0.0443333333333333
"518","Tuamotu","Makatea","1",120,"Scleractinian","Leptoseris",1.86633333333333
"519","Gambier","Mangareva","1",120,"Scleractinian","Leptoseris",0.621666666666667
"520","Tuamotu","Rangiroa","1",120,"Scleractinian","Leptoseris",0.0443333333333333
"521","Tuamotu","Raroia","1",120,"Scleractinian","Leptoseris",2.26666666666667
"522","Society","Tahiti","1",120,"Scleractinian","Leptoseris",0.089
"523","Society","Bora","2",120,"Scleractinian","Leptoseris",0.533
"524","Tuamotu","Makatea","2",120,"Scleractinian","Leptoseris",1.28866666666667
"525","Gambier","Mangareva","2",120,"Scleractinian","Leptoseris",2.84466666666667
"526","Society","Moorea","2",120,"Scleractinian","Leptoseris",0.0443333333333333
"527","Tuamotu","Rangiroa","2",120,"Scleractinian","Leptoseris",0.932666666666667
"528","Tuamotu","Raroia","2",120,"Scleractinian","Leptoseris",0.266333333333333
"529","Tuamotu","Tikehau","2",120,"Scleractinian","Leptoseris",0.222
"530","Society","Tahiti","1",6,"Scleractinian","Lobactis",0.0443333333333333
"531","Gambier","Mangareva","2",6,"Scleractinian","Lobactis",0.0443333333333333
"532","Tuamotu","Tikehau","2",6,"Scleractinian","Lobactis",0.089
"533","Gambier","Mangareva","1",20,"Scleractinian","Lobactis",0.0443333333333333
"534","Tuamotu","Rangiroa","1",20,"Scleractinian","Lobactis",0.177666666666667
"535","Tuamotu","Raroia","1",20,"Scleractinian","Lobactis",0.133333333333333
"536","Gambier","Mangareva","2",20,"Scleractinian","Lobactis",0.0443333333333333
"537","Society","Moorea","2",20,"Scleractinian","Lobactis",0.222
"538","Tuamotu","Rangiroa","2",20,"Scleractinian","Lobactis",0.0443333333333333
"539","Tuamotu","Raroia","2",20,"Scleractinian","Lobactis",0.0443333333333333
"540","Society","Tahiti","2",20,"Scleractinian","Lobactis",0.0443333333333333
"541","Society","Bora","1",40,"Scleractinian","Lobactis",0.0886666666666667
"542","Gambier","Mangareva","1",40,"Scleractinian","Lobactis",0.089
"543","Society","Moorea","1",40,"Scleractinian","Lobactis",0.0443333333333333
"544","Society","Tahiti","1",40,"Scleractinian","Lobactis",0.0886666666666667
"545","Tuamotu","Tikehau","1",40,"Scleractinian","Lobactis",0.0443333333333333
"546","Society","Bora","2",40,"Scleractinian","Lobactis",0.488666666666667
"547","Gambier","Mangareva","2",40,"Scleractinian","Lobactis",1.33333333333333
"548","Tuamotu","Rangiroa","2",40,"Scleractinian","Lobactis",0.0443333333333333
"549","Tuamotu","Makatea","1",60,"Scleractinian","Lobactis",0.133
"550","Society","Moorea","1",60,"Scleractinian","Lobactis",0.089
"551","Society","Tahiti","1",60,"Scleractinian","Lobactis",0.0443333333333333
"552","Society","Bora","2",60,"Scleractinian","Lobactis",0.0443333333333333
"553","Gambier","Mangareva","2",60,"Scleractinian","Lobactis",0.0443333333333333
"554","Society","Moorea","2",60,"Scleractinian","Lobactis",0.266333333333333
"555","Tuamotu","Rangiroa","2",60,"Scleractinian","Lobactis",0.0443333333333333
"556","Tuamotu","Raroia","2",60,"Scleractinian","Lobactis",0.0443333333333333
"557","Gambier","Mangareva","1",6,"Scleractinian","Lobophyllia",0.0443333333333333
"558","Gambier","Mangareva","1",20,"Scleractinian","Lobophyllia",0.133333333333333
"559","Gambier","Mangareva","2",20,"Scleractinian","Lobophyllia",0.0443333333333333
"560","Society","Moorea","2",20,"Scleractinian","Lobophyllia",0.0443333333333333
"561","Society","Tahiti","2",20,"Scleractinian","Lobophyllia",0.0886666666666667
"562","Tuamotu","Rangiroa","1",40,"Scleractinian","Lobophyllia",0.089
"563","Society","Bora","2",40,"Scleractinian","Lobophyllia",0.133333333333333
"564","Tuamotu","Tikehau","2",40,"Scleractinian","Lobophyllia",0.0443333333333333
"565","Society","Bora","1",6,"Scleractinian","Montipora",1.26683333333333
"566","Tuamotu","Makatea","1",6,"Scleractinian","Montipora",2.933
"567","Gambier","Mangareva","1",6,"Scleractinian","Montipora",2.0445
"568","Society","Moorea","1",6,"Scleractinian","Montipora",1.88883333333333
"569","Tuamotu","Rangiroa","1",6,"Scleractinian","Montipora",0.133333333333333
"570","Tuamotu","Raroia","1",6,"Scleractinian","Montipora",4.55533333333333
"571","Society","Tahiti","1",6,"Scleractinian","Montipora",1.8445
"572","Tuamotu","Tikehau","1",6,"Scleractinian","Montipora",0.155333333333333
"573","Society","Bora","2",6,"Scleractinian","Montipora",1.11033333333333
"574","Tuamotu","Makatea","2",6,"Scleractinian","Montipora",3.022
"575","Gambier","Mangareva","2",6,"Scleractinian","Montipora",1.31083333333333
"576","Society","Moorea","2",6,"Scleractinian","Montipora",7.02233333333333
"577","Tuamotu","Rangiroa","2",6,"Scleractinian","Montipora",1.24433333333333
"578","Tuamotu","Raroia","2",6,"Scleractinian","Montipora",2.0665
"579","Society","Tahiti","2",6,"Scleractinian","Montipora",3.11033333333333
"580","Tuamotu","Tikehau","2",6,"Scleractinian","Montipora",2.55533333333333
"581","Society","Bora","1",20,"Scleractinian","Montipora",0.562888888888889
"582","Tuamotu","Makatea","1",20,"Scleractinian","Montipora",2.39988888888889
"583","Gambier","Mangareva","1",20,"Scleractinian","Montipora",0.355333333333333
"584","Society","Moorea","1",20,"Scleractinian","Montipora",0.666666666666667
"585","Tuamotu","Rangiroa","1",20,"Scleractinian","Montipora",0.0443333333333333
"586","Tuamotu","Raroia","1",20,"Scleractinian","Montipora",2.48877777777778
"587","Society","Tahiti","1",20,"Scleractinian","Montipora",1.333
"588","Tuamotu","Tikehau","1",20,"Scleractinian","Montipora",0.378
"589","Society","Bora","2",20,"Scleractinian","Montipora",0.511166666666667
"590","Tuamotu","Makatea","2",20,"Scleractinian","Montipora",0.755333333333333
"591","Gambier","Mangareva","2",20,"Scleractinian","Montipora",1.60011111111111
"592","Society","Moorea","2",20,"Scleractinian","Montipora",1.111
"593","Tuamotu","Rangiroa","2",20,"Scleractinian","Montipora",0.1555
"594","Tuamotu","Raroia","2",20,"Scleractinian","Montipora",0.859222222222222
"595","Society","Tahiti","2",20,"Scleractinian","Montipora",5.37783333333333
"596","Tuamotu","Tikehau","2",20,"Scleractinian","Montipora",0.999666666666667
"597","Society","Bora","1",40,"Scleractinian","Montipora",0.0886666666666667
"598","Tuamotu","Makatea","1",40,"Scleractinian","Montipora",0.548111111111111
"599","Gambier","Mangareva","1",40,"Scleractinian","Montipora",0.266333333333333
"600","Society","Moorea","1",40,"Scleractinian","Montipora",0.266333333333333
"601","Tuamotu","Rangiroa","1",40,"Scleractinian","Montipora",0.222333333333333
"602","Tuamotu","Raroia","1",40,"Scleractinian","Montipora",0.385
"603","Society","Tahiti","1",40,"Scleractinian","Montipora",1.9555
"604","Tuamotu","Tikehau","1",40,"Scleractinian","Montipora",0.622
"605","Society","Bora","2",40,"Scleractinian","Montipora",0.859222222222222
"606","Tuamotu","Makatea","2",40,"Scleractinian","Montipora",0.511
"607","Gambier","Mangareva","2",40,"Scleractinian","Montipora",1.79266666666667
"608","Society","Moorea","2",40,"Scleractinian","Montipora",0.0666666666666667
"609","Tuamotu","Rangiroa","2",40,"Scleractinian","Montipora",0.133333333333333
"610","Tuamotu","Raroia","2",40,"Scleractinian","Montipora",0.355333333333333
"611","Society","Tahiti","2",40,"Scleractinian","Montipora",0.222111111111111
"612","Tuamotu","Tikehau","2",40,"Scleractinian","Montipora",0.177666666666667
"613","Society","Bora","1",60,"Scleractinian","Montipora",0.311
"614","Tuamotu","Makatea","1",60,"Scleractinian","Montipora",0.444333333333333
"615","Gambier","Mangareva","1",60,"Scleractinian","Montipora",0.222166666666667
"616","Tuamotu","Rangiroa","1",60,"Scleractinian","Montipora",0.399666666666667
"617","Tuamotu","Raroia","1",60,"Scleractinian","Montipora",0.288666666666667
"618","Society","Tahiti","1",60,"Scleractinian","Montipora",0.666666666666667
"619","Tuamotu","Tikehau","1",60,"Scleractinian","Montipora",0.177666666666667
"620","Society","Bora","2",60,"Scleractinian","Montipora",1.24433333333333
"621","Tuamotu","Makatea","2",60,"Scleractinian","Montipora",0.340666666666667
"622","Gambier","Mangareva","2",60,"Scleractinian","Montipora",0.333166666666667
"623","Society","Moorea","2",60,"Scleractinian","Montipora",0.822166666666667
"624","Tuamotu","Rangiroa","2",60,"Scleractinian","Montipora",0.562888888888889
"625","Tuamotu","Raroia","2",60,"Scleractinian","Montipora",0.281222222222222
"626","Tuamotu","Tikehau","2",60,"Scleractinian","Montipora",0.266666666666667
"627","Gambier","Mangareva","1",90,"Scleractinian","Montipora",4.8
"628","Tuamotu","Rangiroa","1",90,"Scleractinian","Montipora",0.0443333333333333
"629","Tuamotu","Raroia","1",90,"Scleractinian","Montipora",5.77733333333333
"630","Society","Bora","2",90,"Scleractinian","Montipora",0.177666666666667
"631","Gambier","Mangareva","2",90,"Scleractinian","Montipora",23.3996666666667
"632","Gambier","Mangareva","1",120,"Scleractinian","Montipora",7.04416666666667
"633","Gambier","Mangareva","2",120,"Scleractinian","Montipora",15.4226666666667
"634","Society","Moorea","1",6,"Scleractinian","Napopora",0.0886666666666667
"635","Society","Moorea","2",6,"Scleractinian","Napopora",0.311
"636","Society","Bora","1",20,"Scleractinian","Napopora",0.0443333333333333
"637","Society","Moorea","1",20,"Scleractinian","Napopora",0.133333333333333
"638","Tuamotu","Tikehau","1",20,"Scleractinian","Napopora",0.0443333333333333
"639","Society","Moorea","2",20,"Scleractinian","Napopora",0.089
"640","Tuamotu","Rangiroa","2",20,"Scleractinian","Napopora",0.0443333333333333
"641","Society","Tahiti","2",20,"Scleractinian","Napopora",0.089
"642","Tuamotu","Makatea","1",40,"Scleractinian","Napopora",0.0443333333333333
"643","Society","Moorea","1",40,"Scleractinian","Napopora",0.266666666666667
"644","Society","Tahiti","1",40,"Scleractinian","Napopora",0.978
"645","Society","Bora","2",40,"Scleractinian","Napopora",1.51133333333333
"646","Tuamotu","Makatea","1",20,"Scleractinian","Non_Id_Coral",0.089
"647","Tuamotu","Raroia","1",20,"Scleractinian","Non_Id_Coral",0.133
"648","Tuamotu","Tikehau","1",20,"Scleractinian","Non_Id_Coral",0.310666666666667
"649","Society","Bora","2",20,"Scleractinian","Non_Id_Coral",0.0443333333333333
"650","Gambier","Mangareva","2",20,"Scleractinian","Non_Id_Coral",0.0886666666666667
"651","Society","Tahiti","2",20,"Scleractinian","Non_Id_Coral",0.089
"652","Society","Moorea","1",40,"Scleractinian","Non_Id_Coral",0.111166666666667
"653","Tuamotu","Tikehau","1",40,"Scleractinian","Non_Id_Coral",0.103555555555556
"654","Tuamotu","Makatea","2",40,"Scleractinian","Non_Id_Coral",0.0886666666666667
"655","Gambier","Mangareva","2",40,"Scleractinian","Non_Id_Coral",0.221666666666667
"656","Society","Moorea","2",40,"Scleractinian","Non_Id_Coral",0.0443333333333333
"657","Tuamotu","Raroia","2",40,"Scleractinian","Non_Id_Coral",0.089
"658","Society","Tahiti","2",40,"Scleractinian","Non_Id_Coral",2.33283333333333
"659","Tuamotu","Tikehau","2",40,"Scleractinian","Non_Id_Coral",0.0443333333333333
"660","Society","Bora","1",60,"Scleractinian","Non_Id_Coral",0.311
"661","Gambier","Mangareva","1",60,"Scleractinian","Non_Id_Coral",0.0443333333333333
"662","Society","Moorea","1",60,"Scleractinian","Non_Id_Coral",0.089
"663","Tuamotu","Rangiroa","1",60,"Scleractinian","Non_Id_Coral",0.0886666666666667
"664","Tuamotu","Raroia","1",60,"Scleractinian","Non_Id_Coral",0.0886666666666667
"665","Society","Tahiti","1",60,"Scleractinian","Non_Id_Coral",0.310666666666667
"666","Tuamotu","Tikehau","1",60,"Scleractinian","Non_Id_Coral",0.089
"667","Society","Bora","2",60,"Scleractinian","Non_Id_Coral",0.133
"668","Tuamotu","Makatea","2",60,"Scleractinian","Non_Id_Coral",0.0443333333333333
"669","Gambier","Mangareva","2",60,"Scleractinian","Non_Id_Coral",0.0886666666666667
"670","Society","Moorea","2",60,"Scleractinian","Non_Id_Coral",0.0443333333333333
"671","Tuamotu","Rangiroa","2",60,"Scleractinian","Non_Id_Coral",0.0443333333333333
"672","Tuamotu","Raroia","2",60,"Scleractinian","Non_Id_Coral",0.0886666666666667
"673","Tuamotu","Tikehau","2",60,"Scleractinian","Non_Id_Coral",0.089
"674","Society","Bora","1",90,"Scleractinian","Non_Id_Coral",0.0443333333333333
"675","Tuamotu","Makatea","1",90,"Scleractinian","Non_Id_Coral",0.0443333333333333
"676","Gambier","Mangareva","1",90,"Scleractinian","Non_Id_Coral",0.0886666666666667
"677","Society","Moorea","1",90,"Scleractinian","Non_Id_Coral",0.0886666666666667
"678","Society","Bora","2",90,"Scleractinian","Non_Id_Coral",0.0443333333333333
"679","Gambier","Mangareva","2",90,"Scleractinian","Non_Id_Coral",0.399666666666667
"680","Tuamotu","Rangiroa","2",90,"Scleractinian","Non_Id_Coral",0.0443333333333333
"681","Tuamotu","Raroia","2",90,"Scleractinian","Non_Id_Coral",0.0443333333333333
"682","Society","Bora","1",120,"Scleractinian","Non_Id_Coral",0.0443333333333333
"683","Gambier","Mangareva","1",120,"Scleractinian","Non_Id_Coral",0.0443333333333333
"684","Gambier","Mangareva","2",120,"Scleractinian","Non_Id_Coral",0.0443333333333333
"685","Tuamotu","Rangiroa","1",20,"Scleractinian","Pachyseris",0.089
"686","Tuamotu","Raroia","1",20,"Scleractinian","Pachyseris",0.489
"687","Society","Tahiti","1",20,"Scleractinian","Pachyseris",0.089
"688","Tuamotu","Tikehau","1",20,"Scleractinian","Pachyseris",0.0443333333333333
"689","Society","Moorea","2",20,"Scleractinian","Pachyseris",0.133333333333333
"690","Society","Tahiti","2",20,"Scleractinian","Pachyseris",1.28866666666667
"691","Society","Moorea","1",40,"Scleractinian","Pachyseris",0.843666666666667
"692","Tuamotu","Rangiroa","1",40,"Scleractinian","Pachyseris",32
"693","Tuamotu","Raroia","1",40,"Scleractinian","Pachyseris",70.311
"694","Society","Tahiti","1",40,"Scleractinian","Pachyseris",0.399666666666667
"695","Tuamotu","Tikehau","1",40,"Scleractinian","Pachyseris",0.089
"696","Society","Bora","2",40,"Scleractinian","Pachyseris",0.444333333333333
"697","Tuamotu","Makatea","2",40,"Scleractinian","Pachyseris",0.0886666666666667
"698","Society","Moorea","2",40,"Scleractinian","Pachyseris",0.266666666666667
"699","Tuamotu","Rangiroa","2",40,"Scleractinian","Pachyseris",18.4883333333333
"700","Tuamotu","Raroia","2",40,"Scleractinian","Pachyseris",47.5563333333333
"701","Society","Tahiti","2",40,"Scleractinian","Pachyseris",8.08866666666667
"702","Tuamotu","Tikehau","2",40,"Scleractinian","Pachyseris",42.1326666666667
"703","Society","Bora","1",60,"Scleractinian","Pachyseris",24.489
"704","Tuamotu","Makatea","1",60,"Scleractinian","Pachyseris",0.222
"705","Society","Moorea","1",60,"Scleractinian","Pachyseris",0.844333333333333
"706","Tuamotu","Rangiroa","1",60,"Scleractinian","Pachyseris",14.133
"707","Tuamotu","Raroia","1",60,"Scleractinian","Pachyseris",18.9776666666667
"708","Society","Tahiti","1",60,"Scleractinian","Pachyseris",0.222333333333333
"709","Tuamotu","Tikehau","1",60,"Scleractinian","Pachyseris",0.533
"710","Society","Bora","2",60,"Scleractinian","Pachyseris",2.93266666666667
"711","Tuamotu","Makatea","2",60,"Scleractinian","Pachyseris",0.399333333333333
"712","Tuamotu","Rangiroa","2",60,"Scleractinian","Pachyseris",28.0883333333333
"713","Tuamotu","Raroia","2",60,"Scleractinian","Pachyseris",3.64466666666667
"714","Society","Tahiti","2",60,"Scleractinian","Pachyseris",0.888666666666667
"715","Tuamotu","Tikehau","2",60,"Scleractinian","Pachyseris",25.4216666666667
"716","Tuamotu","Rangiroa","1",90,"Scleractinian","Pachyseris",0.577666666666667
"717","Society","Bora","2",90,"Scleractinian","Pachyseris",0.844333333333333
"718","Tuamotu","Makatea","2",90,"Scleractinian","Pachyseris",0.266666666666667
"719","Tuamotu","Rangiroa","2",120,"Scleractinian","Pachyseris",0.0443333333333333
"720","Gambier","Mangareva","2",20,"Scleractinian","Paragoniastrea",0.0443333333333333
"721","Gambier","Mangareva","2",90,"Scleractinian","Paragoniastrea",0.533666666666667
"722","Society","Bora","1",6,"Scleractinian","Pavona",0.0443333333333333
"723","Tuamotu","Makatea","1",6,"Scleractinian","Pavona",0.666333333333333
"724","Gambier","Mangareva","1",6,"Scleractinian","Pavona",0.0443333333333333
"725","Society","Moorea","1",6,"Scleractinian","Pavona",0.133333333333333
"726","Society","Tahiti","1",6,"Scleractinian","Pavona",0.2665
"727","Society","Bora","2",6,"Scleractinian","Pavona",0.0886666666666667
"728","Tuamotu","Makatea","2",6,"Scleractinian","Pavona",0.7775
"729","Gambier","Mangareva","2",6,"Scleractinian","Pavona",0.0886666666666667
"730","Society","Moorea","2",6,"Scleractinian","Pavona",0.5775
"731","Tuamotu","Rangiroa","2",6,"Scleractinian","Pavona",0.666666666666667
"732","Tuamotu","Raroia","2",6,"Scleractinian","Pavona",0.0443333333333333
"733","Society","Tahiti","2",6,"Scleractinian","Pavona",0.999666666666667
"734","Society","Bora","1",20,"Scleractinian","Pavona",0.444
"735","Tuamotu","Makatea","1",20,"Scleractinian","Pavona",4.79966666666667
"736","Gambier","Mangareva","1",20,"Scleractinian","Pavona",0.310666666666667
"737","Society","Moorea","1",20,"Scleractinian","Pavona",0.236888888888889
"738","Tuamotu","Rangiroa","1",20,"Scleractinian","Pavona",0.266333333333333
"739","Tuamotu","Raroia","1",20,"Scleractinian","Pavona",0.370333333333333
"740","Society","Tahiti","1",20,"Scleractinian","Pavona",1.9775
"741","Tuamotu","Tikehau","1",20,"Scleractinian","Pavona",2.97766666666667
"742","Society","Bora","2",20,"Scleractinian","Pavona",0.422
"743","Tuamotu","Makatea","2",20,"Scleractinian","Pavona",1.911
"744","Gambier","Mangareva","2",20,"Scleractinian","Pavona",0.399833333333333
"745","Society","Moorea","2",20,"Scleractinian","Pavona",2.08816666666667
"746","Tuamotu","Rangiroa","2",20,"Scleractinian","Pavona",0.0886666666666667
"747","Tuamotu","Raroia","2",20,"Scleractinian","Pavona",0.355333333333333
"748","Society","Tahiti","2",20,"Scleractinian","Pavona",1.33316666666667
"749","Tuamotu","Tikehau","2",20,"Scleractinian","Pavona",0.488666666666667
"750","Society","Bora","1",40,"Scleractinian","Pavona",0.933333333333333
"751","Tuamotu","Makatea","1",40,"Scleractinian","Pavona",9.22233333333333
"752","Gambier","Mangareva","1",40,"Scleractinian","Pavona",0.222
"753","Society","Moorea","1",40,"Scleractinian","Pavona",3.674
"754","Tuamotu","Rangiroa","1",40,"Scleractinian","Pavona",1.11133333333333
"755","Tuamotu","Raroia","1",40,"Scleractinian","Pavona",0.400333333333333
"756","Society","Tahiti","1",40,"Scleractinian","Pavona",1.05558333333333
"757","Tuamotu","Tikehau","1",40,"Scleractinian","Pavona",6.63677777777778
"758","Society","Bora","2",40,"Scleractinian","Pavona",3.64433333333333
"759","Tuamotu","Makatea","2",40,"Scleractinian","Pavona",6.44433333333333
"760","Gambier","Mangareva","2",40,"Scleractinian","Pavona",1.55566666666667
"761","Tuamotu","Rangiroa","2",40,"Scleractinian","Pavona",0.177666666666667
"762","Tuamotu","Raroia","2",40,"Scleractinian","Pavona",0.8225
"763","Society","Tahiti","2",40,"Scleractinian","Pavona",2.66677777777778
"764","Tuamotu","Tikehau","2",40,"Scleractinian","Pavona",0.0665
"765","Society","Bora","1",60,"Scleractinian","Pavona",24.756
"766","Tuamotu","Makatea","1",60,"Scleractinian","Pavona",13.6891666666667
"767","Gambier","Mangareva","1",60,"Scleractinian","Pavona",0.221666666666667
"768","Society","Moorea","1",60,"Scleractinian","Pavona",0.784888888888889
"769","Tuamotu","Rangiroa","1",60,"Scleractinian","Pavona",0.222333333333333
"770","Tuamotu","Raroia","1",60,"Scleractinian","Pavona",1.99933333333333
"771","Society","Tahiti","1",60,"Scleractinian","Pavona",0.4885
"772","Tuamotu","Tikehau","1",60,"Scleractinian","Pavona",7.65911111111111
"773","Society","Bora","2",60,"Scleractinian","Pavona",11.7924444444444
"774","Tuamotu","Makatea","2",60,"Scleractinian","Pavona",10.5441666666667
"775","Gambier","Mangareva","2",60,"Scleractinian","Pavona",0.0886666666666667
"776","Society","Moorea","2",60,"Scleractinian","Pavona",2.866
"777","Tuamotu","Rangiroa","2",60,"Scleractinian","Pavona",0.177666666666667
"778","Tuamotu","Raroia","2",60,"Scleractinian","Pavona",2.73283333333333
"779","Tuamotu","Tikehau","2",60,"Scleractinian","Pavona",0.222
"780","Society","Moorea","1",90,"Scleractinian","Pavona",0.844333333333333
"781","Tuamotu","Makatea","2",90,"Scleractinian","Pavona",0.977666666666667
"782","Tuamotu","Raroia","1",6,"Scleractinian","Plesiastrea",0.0886666666666667
"783","Tuamotu","Tikehau","2",6,"Scleractinian","Plesiastrea",0.133
"784","Tuamotu","Raroia","1",20,"Scleractinian","Plesiastrea",0.0443333333333333
"785","Tuamotu","Rangiroa","2",20,"Scleractinian","Plesiastrea",0.311
"786","Society","Tahiti","2",20,"Scleractinian","Plesiastrea",0.0443333333333333
"787","Tuamotu","Tikehau","2",20,"Scleractinian","Plesiastrea",2.35566666666667
"788","Tuamotu","Makatea","2",6,"Scleractinian","Pleuractis",0.0443333333333333
"789","Gambier","Mangareva","1",20,"Scleractinian","Pleuractis",0.0443333333333333
"790","Tuamotu","Rangiroa","1",20,"Scleractinian","Pleuractis",0.0443333333333333
"791","Tuamotu","Tikehau","1",20,"Scleractinian","Pleuractis",0.133
"792","Society","Moorea","2",20,"Scleractinian","Pleuractis",0.0886666666666667
"793","Tuamotu","Rangiroa","2",20,"Scleractinian","Pleuractis",0.0443333333333333
"794","Tuamotu","Tikehau","2",20,"Scleractinian","Pleuractis",0.0443333333333333
"795","Society","Bora","1",40,"Scleractinian","Pleuractis",0.0443333333333333
"796","Society","Moorea","1",40,"Scleractinian","Pleuractis",0.0443333333333333
"797","Society","Tahiti","1",40,"Scleractinian","Pleuractis",0.177666666666667
"798","Society","Bora","2",40,"Scleractinian","Pleuractis",0.222
"799","Gambier","Mangareva","2",40,"Scleractinian","Pleuractis",0.4
"800","Society","Moorea","2",40,"Scleractinian","Pleuractis",0.266666666666667
"801","Tuamotu","Raroia","2",40,"Scleractinian","Pleuractis",0.222333333333333
"802","Society","Tahiti","2",40,"Scleractinian","Pleuractis",0.133333333333333
"803","Tuamotu","Tikehau","2",40,"Scleractinian","Pleuractis",0.0886666666666667
"804","Tuamotu","Makatea","1",60,"Scleractinian","Pleuractis",0.0886666666666667
"805","Society","Moorea","1",60,"Scleractinian","Pleuractis",0.0886666666666667
"806","Tuamotu","Rangiroa","1",60,"Scleractinian","Pleuractis",0.0443333333333333
"807","Society","Tahiti","1",60,"Scleractinian","Pleuractis",0.0443333333333333
"808","Tuamotu","Tikehau","1",60,"Scleractinian","Pleuractis",0.0886666666666667
"809","Society","Bora","2",60,"Scleractinian","Pleuractis",0.266333333333333
"810","Tuamotu","Makatea","2",60,"Scleractinian","Pleuractis",0.133
"811","Gambier","Mangareva","2",60,"Scleractinian","Pleuractis",0.0443333333333333
"812","Society","Moorea","2",60,"Scleractinian","Pleuractis",0.311
"813","Tuamotu","Rangiroa","2",60,"Scleractinian","Pleuractis",0.0886666666666667
"814","Tuamotu","Raroia","2",60,"Scleractinian","Pleuractis",0.0443333333333333
"815","Society","Tahiti","2",60,"Scleractinian","Pleuractis",0.177666666666667
"816","Tuamotu","Tikehau","2",60,"Scleractinian","Pleuractis",0.133
"817","Society","Bora","2",90,"Scleractinian","Pleuractis",0.266333333333333
"818","Tuamotu","Rangiroa","2",90,"Scleractinian","Pleuractis",0.177666666666667
"819","Tuamotu","Tikehau","1",120,"Scleractinian","Pleuractis",0.0443333333333333
"820","Society","Bora","1",6,"Scleractinian","Pocillopora",27.6
"821","Tuamotu","Makatea","1",6,"Scleractinian","Pocillopora",27.2006666666667
"822","Gambier","Mangareva","1",6,"Scleractinian","Pocillopora",3.55566666666667
"823","Society","Moorea","1",6,"Scleractinian","Pocillopora",57.422
"824","Tuamotu","Rangiroa","1",6,"Scleractinian","Pocillopora",12.0443333333333
"825","Tuamotu","Raroia","1",6,"Scleractinian","Pocillopora",11.645
"826","Society","Tahiti","1",6,"Scleractinian","Pocillopora",47.8673333333333
"827","Tuamotu","Tikehau","1",6,"Scleractinian","Pocillopora",40.4443333333333
"828","Society","Bora","2",6,"Scleractinian","Pocillopora",45.6443333333333
"829","Tuamotu","Makatea","2",6,"Scleractinian","Pocillopora",26.355
"830","Gambier","Mangareva","2",6,"Scleractinian","Pocillopora",13.511
"831","Society","Moorea","2",6,"Scleractinian","Pocillopora",40.711
"832","Tuamotu","Rangiroa","2",6,"Scleractinian","Pocillopora",12.5766666666667
"833","Tuamotu","Raroia","2",6,"Scleractinian","Pocillopora",7.37733333333333
"834","Society","Tahiti","2",6,"Scleractinian","Pocillopora",27.4666666666667
"835","Tuamotu","Tikehau","2",6,"Scleractinian","Pocillopora",26.577
"836","Society","Bora","1",20,"Scleractinian","Pocillopora",32.9333333333333
"837","Tuamotu","Makatea","1",20,"Scleractinian","Pocillopora",18.1333333333333
"838","Gambier","Mangareva","1",20,"Scleractinian","Pocillopora",2.93266666666667
"839","Society","Moorea","1",20,"Scleractinian","Pocillopora",17.2436666666667
"840","Tuamotu","Rangiroa","1",20,"Scleractinian","Pocillopora",0.310333333333333
"841","Tuamotu","Raroia","1",20,"Scleractinian","Pocillopora",1.378
"842","Society","Tahiti","1",20,"Scleractinian","Pocillopora",34.4003333333333
"843","Tuamotu","Tikehau","1",20,"Scleractinian","Pocillopora",5.778
"844","Society","Bora","2",20,"Scleractinian","Pocillopora",25.556
"845","Tuamotu","Makatea","2",20,"Scleractinian","Pocillopora",8.35566666666667
"846","Gambier","Mangareva","2",20,"Scleractinian","Pocillopora",9.733
"847","Society","Moorea","2",20,"Scleractinian","Pocillopora",19.645
"848","Tuamotu","Rangiroa","2",20,"Scleractinian","Pocillopora",6.71033333333333
"849","Tuamotu","Raroia","2",20,"Scleractinian","Pocillopora",6.17866666666667
"850","Society","Tahiti","2",20,"Scleractinian","Pocillopora",3.99966666666667
"851","Tuamotu","Tikehau","2",20,"Scleractinian","Pocillopora",6.31066666666667
"852","Society","Bora","1",40,"Scleractinian","Pocillopora",1.28866666666667
"853","Tuamotu","Makatea","1",40,"Scleractinian","Pocillopora",5.866
"854","Gambier","Mangareva","1",40,"Scleractinian","Pocillopora",4.04433333333333
"855","Society","Moorea","1",40,"Scleractinian","Pocillopora",4.53333333333333
"856","Tuamotu","Rangiroa","1",40,"Scleractinian","Pocillopora",0.133
"857","Tuamotu","Raroia","1",40,"Scleractinian","Pocillopora",0.666666666666667
"858","Society","Tahiti","1",40,"Scleractinian","Pocillopora",4.4
"859","Tuamotu","Tikehau","1",40,"Scleractinian","Pocillopora",0.266666666666667
"860","Society","Bora","2",40,"Scleractinian","Pocillopora",23.5996666666667
"861","Tuamotu","Makatea","2",40,"Scleractinian","Pocillopora",8.266
"862","Gambier","Mangareva","2",40,"Scleractinian","Pocillopora",11.3776666666667
"863","Society","Moorea","2",40,"Scleractinian","Pocillopora",0.666333333333333
"864","Tuamotu","Rangiroa","2",40,"Scleractinian","Pocillopora",1.19966666666667
"865","Tuamotu","Raroia","2",40,"Scleractinian","Pocillopora",2.044
"866","Tuamotu","Tikehau","2",40,"Scleractinian","Pocillopora",0.266666666666667
"867","Tuamotu","Makatea","1",60,"Scleractinian","Pocillopora",3.28866666666667
"868","Gambier","Mangareva","1",60,"Scleractinian","Pocillopora",9.91133333333333
"869","Tuamotu","Raroia","1",60,"Scleractinian","Pocillopora",0.310666666666667
"870","Tuamotu","Tikehau","1",60,"Scleractinian","Pocillopora",0.133333333333333
"871","Society","Bora","2",60,"Scleractinian","Pocillopora",3.77766666666667
"872","Tuamotu","Makatea","2",60,"Scleractinian","Pocillopora",5.334
"873","Gambier","Mangareva","2",60,"Scleractinian","Pocillopora",4.578
"874","Society","Moorea","2",60,"Scleractinian","Pocillopora",0.844333333333333
"875","Tuamotu","Raroia","2",60,"Scleractinian","Pocillopora",0.0886666666666667
"876","Tuamotu","Tikehau","2",60,"Scleractinian","Pocillopora",0.266666666666667
"877","Society","Bora","1",6,"Scleractinian","Porites",2.178
"878","Tuamotu","Makatea","1",6,"Scleractinian","Porites",11.1776666666667
"879","Gambier","Mangareva","1",6,"Scleractinian","Porites",1.19966666666667
"880","Society","Moorea","1",6,"Scleractinian","Porites",0.510666666666667
"881","Tuamotu","Rangiroa","1",6,"Scleractinian","Porites",4.35566666666667
"882","Tuamotu","Raroia","1",6,"Scleractinian","Porites",16.2673333333333
"883","Society","Tahiti","1",6,"Scleractinian","Porites",0.910666666666667
"884","Tuamotu","Tikehau","1",6,"Scleractinian","Porites",2.488
"885","Society","Bora","2",6,"Scleractinian","Porites",4.97866666666667
"886","Tuamotu","Makatea","2",6,"Scleractinian","Porites",11.0663333333333
"887","Gambier","Mangareva","2",6,"Scleractinian","Porites",1.022
"888","Society","Moorea","2",6,"Scleractinian","Porites",1.94066666666667
"889","Tuamotu","Rangiroa","2",6,"Scleractinian","Porites",0.0443333333333333
"890","Tuamotu","Raroia","2",6,"Scleractinian","Porites",4.75533333333333
"891","Society","Tahiti","2",6,"Scleractinian","Porites",0.592555555555556
"892","Tuamotu","Tikehau","2",6,"Scleractinian","Porites",3.599
"893","Society","Bora","1",20,"Scleractinian","Porites",3.13333333333333
"894","Tuamotu","Makatea","1",20,"Scleractinian","Porites",5.02216666666667
"895","Gambier","Mangareva","1",20,"Scleractinian","Porites",14.5776666666667
"896","Society","Moorea","1",20,"Scleractinian","Porites",0.977833333333333
"897","Tuamotu","Rangiroa","1",20,"Scleractinian","Porites",3.822
"898","Tuamotu","Raroia","1",20,"Scleractinian","Porites",20.5553333333333
"899","Society","Tahiti","1",20,"Scleractinian","Porites",1.35533333333333
"900","Tuamotu","Tikehau","1",20,"Scleractinian","Porites",5.46666666666667
"901","Society","Bora","2",20,"Scleractinian","Porites",0.888666666666667
"902","Tuamotu","Makatea","2",20,"Scleractinian","Porites",13.5665833333333
"903","Gambier","Mangareva","2",20,"Scleractinian","Porites",7.51033333333333
"904","Society","Moorea","2",20,"Scleractinian","Porites",0.399777777777778
"905","Tuamotu","Rangiroa","2",20,"Scleractinian","Porites",30.3993333333333
"906","Tuamotu","Raroia","2",20,"Scleractinian","Porites",40.5776666666667
"907","Society","Tahiti","2",20,"Scleractinian","Porites",1.48875
"908","Tuamotu","Tikehau","2",20,"Scleractinian","Porites",3.822
"909","Society","Bora","1",40,"Scleractinian","Porites",1.48916666666667
"910","Tuamotu","Makatea","1",40,"Scleractinian","Porites",1.97766666666667
"911","Gambier","Mangareva","1",40,"Scleractinian","Porites",6.13366666666667
"912","Society","Moorea","1",40,"Scleractinian","Porites",1.17044444444444
"913","Tuamotu","Rangiroa","1",40,"Scleractinian","Porites",5.15566666666667
"914","Tuamotu","Raroia","1",40,"Scleractinian","Porites",4.44416666666667
"915","Society","Tahiti","1",40,"Scleractinian","Porites",3.09991666666667
"916","Tuamotu","Tikehau","1",40,"Scleractinian","Porites",1.71822222222222
"917","Society","Bora","2",40,"Scleractinian","Porites",0.458888888888889
"918","Tuamotu","Makatea","2",40,"Scleractinian","Porites",1.25508333333333
"919","Gambier","Mangareva","2",40,"Scleractinian","Porites",1.19966666666667
"920","Society","Moorea","2",40,"Scleractinian","Porites",0.155333333333333
"921","Tuamotu","Rangiroa","2",40,"Scleractinian","Porites",1.422
"922","Tuamotu","Raroia","2",40,"Scleractinian","Porites",3.28866666666667
"923","Society","Tahiti","2",40,"Scleractinian","Porites",0.325777777777778
"924","Tuamotu","Tikehau","2",40,"Scleractinian","Porites",1.15533333333333
"925","Society","Bora","1",60,"Scleractinian","Porites",2.31066666666667
"926","Tuamotu","Makatea","1",60,"Scleractinian","Porites",0.155666666666667
"927","Gambier","Mangareva","1",60,"Scleractinian","Porites",5.11
"928","Society","Moorea","1",60,"Scleractinian","Porites",0.8
"929","Tuamotu","Rangiroa","1",60,"Scleractinian","Porites",0.755333333333333
"930","Tuamotu","Raroia","1",60,"Scleractinian","Porites",4.78511111111111
"931","Society","Tahiti","1",60,"Scleractinian","Porites",0.162666666666667
"932","Tuamotu","Tikehau","1",60,"Scleractinian","Porites",0.740777777777778
"933","Society","Bora","2",60,"Scleractinian","Porites",0.311
"934","Tuamotu","Makatea","2",60,"Scleractinian","Porites",0.266666666666667
"935","Gambier","Mangareva","2",60,"Scleractinian","Porites",0.733
"936","Society","Moorea","2",60,"Scleractinian","Porites",0.3555
"937","Tuamotu","Rangiroa","2",60,"Scleractinian","Porites",0.444333333333333
"938","Tuamotu","Raroia","2",60,"Scleractinian","Porites",0.829666666666667
"939","Society","Tahiti","2",60,"Scleractinian","Porites",0.0443333333333333
"940","Tuamotu","Tikehau","2",60,"Scleractinian","Porites",0.311
"941","Gambier","Mangareva","1",90,"Scleractinian","Porites",0.103666666666667
"942","Tuamotu","Rangiroa","1",90,"Scleractinian","Porites",0.089
"943","Tuamotu","Raroia","1",90,"Scleractinian","Porites",0.0443333333333333
"944","Gambier","Mangareva","2",90,"Scleractinian","Porites",0.340555555555556
"945","Tuamotu","Raroia","2",90,"Scleractinian","Porites",0.089
"946","Tuamotu","Tikehau","2",90,"Scleractinian","Porites",0.0443333333333333
"947","Gambier","Mangareva","1",120,"Scleractinian","Porites",0.177666666666667
"948","Gambier","Mangareva","2",120,"Scleractinian","Porites",4.622
"949","Tuamotu","Makatea","1",6,"Scleractinian","Psammocora",0.666333333333333
"950","Society","Moorea","1",6,"Scleractinian","Psammocora",0.0888333333333333
"951","Tuamotu","Rangiroa","1",6,"Scleractinian","Psammocora",0.0443333333333333
"952","Tuamotu","Raroia","1",6,"Scleractinian","Psammocora",0.0886666666666667
"953","Society","Tahiti","1",6,"Scleractinian","Psammocora",0.0443333333333333
"954","Society","Moorea","2",6,"Scleractinian","Psammocora",0.089
"955","Tuamotu","Makatea","1",20,"Scleractinian","Psammocora",0.266666666666667
"956","Gambier","Mangareva","1",20,"Scleractinian","Psammocora",0.0443333333333333
"957","Society","Moorea","1",20,"Scleractinian","Psammocora",0.0886666666666667
"958","Tuamotu","Rangiroa","1",20,"Scleractinian","Psammocora",0.266333333333333
"959","Tuamotu","Raroia","1",20,"Scleractinian","Psammocora",0.0443333333333333
"960","Society","Tahiti","1",20,"Scleractinian","Psammocora",0.110833333333333
"961","Tuamotu","Tikehau","1",20,"Scleractinian","Psammocora",0.0443333333333333
"962","Society","Bora","2",20,"Scleractinian","Psammocora",0.266333333333333
"963","Tuamotu","Makatea","2",20,"Scleractinian","Psammocora",0.0443333333333333
"964","Society","Moorea","2",20,"Scleractinian","Psammocora",0.0443333333333333
"965","Society","Tahiti","2",20,"Scleractinian","Psammocora",0.266666666666667
"966","Tuamotu","Tikehau","2",20,"Scleractinian","Psammocora",0.2
"967","Tuamotu","Makatea","1",40,"Scleractinian","Psammocora",1.28866666666667
"968","Society","Moorea","1",40,"Scleractinian","Psammocora",0.222
"969","Tuamotu","Rangiroa","1",40,"Scleractinian","Psammocora",0.0888333333333333
"970","Tuamotu","Raroia","1",40,"Scleractinian","Psammocora",0.0443333333333333
"971","Society","Tahiti","1",40,"Scleractinian","Psammocora",0.222
"972","Tuamotu","Tikehau","1",40,"Scleractinian","Psammocora",0.266666666666667
"973","Society","Bora","2",40,"Scleractinian","Psammocora",0.377166666666667
"974","Tuamotu","Makatea","2",40,"Scleractinian","Psammocora",0.1555
"975","Gambier","Mangareva","2",40,"Scleractinian","Psammocora",0.177666666666667
"976","Tuamotu","Rangiroa","2",40,"Scleractinian","Psammocora",0.0443333333333333
"977","Society","Tahiti","2",40,"Scleractinian","Psammocora",0.0443333333333333
"978","Tuamotu","Tikehau","2",40,"Scleractinian","Psammocora",0.111166666666667
"979","Tuamotu","Makatea","1",60,"Scleractinian","Psammocora",0.0443333333333333
"980","Gambier","Mangareva","1",60,"Scleractinian","Psammocora",0.0443333333333333
"981","Tuamotu","Rangiroa","1",60,"Scleractinian","Psammocora",0.0886666666666667
"982","Society","Bora","2",60,"Scleractinian","Psammocora",0.0443333333333333
"983","Tuamotu","Rangiroa","2",60,"Scleractinian","Psammocora",0.133166666666667
"984","Society","Moorea","1",90,"Scleractinian","Psammocora",0.133333333333333
"985","Society","Bora","2",90,"Scleractinian","Psammocora",0.089
"986","Tuamotu","Rangiroa","2",90,"Scleractinian","Psammocora",1.33233333333333
"987","Society","Moorea","1",20,"Scleractinian","Sandalolitha",0.0443333333333333
"988","Society","Tahiti","1",20,"Scleractinian","Sandalolitha",0.0443333333333333
"989","Tuamotu","Tikehau","1",20,"Scleractinian","Sandalolitha",0.089
"990","Society","Bora","2",20,"Scleractinian","Sandalolitha",0.177666666666667
"991","Gambier","Mangareva","2",20,"Scleractinian","Sandalolitha",0.133
"992","Tuamotu","Rangiroa","2",20,"Scleractinian","Sandalolitha",0.266666666666667
"993","Tuamotu","Tikehau","2",20,"Scleractinian","Sandalolitha",0.0443333333333333
"994","Society","Bora","1",40,"Scleractinian","Sandalolitha",0.0886666666666667
"995","Tuamotu","Makatea","1",40,"Scleractinian","Sandalolitha",0.089
"996","Gambier","Mangareva","1",40,"Scleractinian","Sandalolitha",0.133
"997","Society","Moorea","1",40,"Scleractinian","Sandalolitha",0.177333333333333
"998","Tuamotu","Rangiroa","1",40,"Scleractinian","Sandalolitha",0.089
"999","Tuamotu","Raroia","1",40,"Scleractinian","Sandalolitha",0.0443333333333333
"1000","Society","Tahiti","1",40,"Scleractinian","Sandalolitha",0.577333333333333
"1001","Society","Bora","2",40,"Scleractinian","Sandalolitha",0.843333333333333
"1002","Tuamotu","Makatea","2",40,"Scleractinian","Sandalolitha",0.266333333333333
"1003","Gambier","Mangareva","2",40,"Scleractinian","Sandalolitha",3.02166666666667
"1004","Tuamotu","Rangiroa","2",40,"Scleractinian","Sandalolitha",0.0443333333333333
"1005","Tuamotu","Tikehau","2",40,"Scleractinian","Sandalolitha",0.0443333333333333
"1006","Society","Bora","1",60,"Scleractinian","Sandalolitha",0.0443333333333333
"1007","Tuamotu","Makatea","1",60,"Scleractinian","Sandalolitha",1.11066666666667
"1008","Gambier","Mangareva","1",60,"Scleractinian","Sandalolitha",0.0443333333333333
"1009","Tuamotu","Rangiroa","1",60,"Scleractinian","Sandalolitha",0.0443333333333333
"1010","Tuamotu","Tikehau","1",60,"Scleractinian","Sandalolitha",0.0886666666666667
"1011","Society","Bora","2",60,"Scleractinian","Sandalolitha",0.622
"1012","Tuamotu","Makatea","2",60,"Scleractinian","Sandalolitha",0.977666666666667
"1013","Gambier","Mangareva","2",60,"Scleractinian","Sandalolitha",0.311
"1014","Society","Moorea","2",60,"Scleractinian","Sandalolitha",0.311
"1015","Tuamotu","Raroia","2",60,"Scleractinian","Sandalolitha",0.133333333333333
"1016","Tuamotu","Tikehau","2",60,"Scleractinian","Sandalolitha",0.0886666666666667
"1017","Tuamotu","Makatea","1",90,"Scleractinian","Sandalolitha",0.089
"1018","Tuamotu","Makatea","2",90,"Scleractinian","Sandalolitha",0.089
"1019","Society","Moorea","2",6,"Scleractinian","Stylocoeniella",0.089
"1020","Society","Bora","2",20,"Scleractinian","Stylocoeniella",0.0443333333333333
"1021","Society","Moorea","2",20,"Scleractinian","Stylocoeniella",0.089
"1022","Tuamotu","Makatea","1",40,"Scleractinian","Stylocoeniella",0.089
"1023","Society","Moorea","1",40,"Scleractinian","Stylocoeniella",0.0443333333333333
"1024","Tuamotu","Rangiroa","1",40,"Scleractinian","Stylocoeniella",0.311333333333333
"1025","Society","Moorea","2",40,"Scleractinian","Stylocoeniella",0.0886666666666667
"1026","Tuamotu","Rangiroa","2",40,"Scleractinian","Stylocoeniella",0.355333333333333
"1027","Tuamotu","Tikehau","2",40,"Scleractinian","Stylocoeniella",0.266333333333333
"1028","Tuamotu","Rangiroa","1",60,"Scleractinian","Stylocoeniella",0.533666666666667
"1029","Tuamotu","Raroia","1",60,"Scleractinian","Stylocoeniella",0.0886666666666667
"1030","Tuamotu","Tikehau","1",60,"Scleractinian","Stylocoeniella",0.133333333333333
"1031","Society","Bora","2",60,"Scleractinian","Stylocoeniella",0.444333333333333
"1032","Tuamotu","Rangiroa","2",60,"Scleractinian","Stylocoeniella",0.488666666666667
"1033","Tuamotu","Tikehau","2",60,"Scleractinian","Stylocoeniella",0.355333333333333
"1034","Gambier","Mangareva","1",90,"Scleractinian","Stylocoeniella",0.0443333333333333
"1035","Tuamotu","Raroia","1",90,"Scleractinian","Stylocoeniella",0.177666666666667
"1036","Gambier","Mangareva","2",90,"Scleractinian","Stylocoeniella",0.089
"1037","Tuamotu","Rangiroa","2",90,"Scleractinian","Stylocoeniella",0.0443333333333333
"1038","Gambier","Mangareva","1",60,"Scleractinian","Turbinaria",0.0443333333333333
"1039","Tuamotu","Raroia","1",60,"Scleractinian","Turbinaria",0.0443333333333333
"1040","Tuamotu","Raroia","1",90,"Scleractinian","Turbinaria",0.0443333333333333
"1041","Gambier","Mangareva","1",120,"Scleractinian","Turbinaria",0.0886666666666667
"1042","Gambier","Mangareva","2",120,"Scleractinian","Turbinaria",0.133
